<?xml version="1.0" encoding="UTF-8"?>
<project-private xmlns="http://www.netbeans.org/ns/project-private/1">
    <editor-bookmarks xmlns="http://www.netbeans.org/ns/editor-bookmarks/2" lastBookmarkId="0"/>
    <open-files xmlns="http://www.netbeans.org/ns/projectui-open-files/2">
        <group>
            <file>file:/C:/Users/Admin/Documents/NetBeansProjects/Cafe%20Management%20System/src/petshop/management/system/PlaceOrder.java</file>
            <file>file:/C:/Users/Admin/Documents/NetBeansProjects/Cafe%20Management%20System/src/petshop/management/system/ManageProduct.java</file>
            <file>file:/C:/Users/Admin/Documents/NetBeansProjects/Cafe%20Management%20System/src/petshop/management/system/ProductStatistic.java</file>
            <file>file:/C:/Users/Admin/Documents/NetBeansProjects/Cafe%20Management%20System/src/petshop/management/system/Login.java</file>
            <file>file:/C:/Users/Admin/Documents/NetBeansProjects/Cafe%20Management%20System/src/petshop/management/system/AddNewProduct.java</file>
            <file>file:/C:/Users/Admin/Documents/NetBeansProjects/Cafe%20Management%20System/src/petshop/management/system/ManageEmployee.java</file>
            <file>file:/C:/Users/Admin/Documents/NetBeansProjects/Cafe%20Management%20System/src/petshop/management/system/AddNewPet.java</file>
            <file>file:/C:/Users/Admin/Documents/NetBeansProjects/Cafe%20Management%20System/src/petshop/management/system/ManagePet.java</file>
        </group>
    </open-files>
</project-private>
